analysis_label,antipattern,eligible_source_role,repositories,repositories_with_eligible_files,flagged_repositories,total_flags,eligible_files,unique_flagged_files,all_relevant_files,percent_eligible_files_flagged,flags_per_100_eligible_files,flags_per_flagged_file,broad_flags_per_100_all_relevant_files,repository_q1_percent_eligible_files_flagged,repository_median_percent_eligible_files_flagged,repository_q3_percent_eligible_files_flagged,repository_q1_flags_per_100_eligible_files,repository_median_flags_per_100_eligible_files,repository_q3_flags_per_100_eligible_files,flagged_repository_q1_flags_per_flagged_file,flagged_repository_median_flags_per_flagged_file,flagged_repository_q3_flags_per_flagged_file
Implicit Columns [application/query source],Implicit Columns,application/query source,602,601,535,7289,10762,2607,17988,24.224122,67.729047,2.795934,40.521459,16.666667,33.333333,50.000000,27.272727,66.666667,125.000000,1.333333,2.000000,3.000000
ID Required [generated schema],ID Required,generated schema,602,601,523,3597,7226,3591,17988,49.695544,49.778577,1.001671,19.996664,33.333333,66.666667,100.000000,33.333333,66.666667,100.000000,1.000000,1.000000,1.000000
Keyless Entry [generated schema],Keyless Entry,generated schema,602,601,200,2153,7226,1269,17988,17.561583,29.795184,1.696612,11.969091,0.000000,0.000000,16.666667,0.000000,0.000000,20.000000,1.000000,1.000000,1.500000
Fear of the Unknown [generated schema],Fear of the Unknown,generated schema,602,601,197,1240,7226,675,17988,9.341268,17.160255,1.837037,6.893485,0.000000,0.000000,10.000000,0.000000,0.000000,11.666667,1.000000,1.333333,2.000000
Fear of the Unknown [application/query source],Fear of the Unknown,application/query source,602,601,10,16,10762,11,17988,0.102211,0.148671,1.454545,0.088948,0.000000,0.000000,0.000000,0.000000,0.000000,0.000000,1.000000,1.000000,1.750000
31 Flavors [generated schema],31 Flavors,generated schema,602,601,87,390,7226,292,17988,4.040963,5.397177,1.335616,2.168112,0.000000,0.000000,0.000000,0.000000,0.000000,0.000000,1.000000,1.000000,1.417411
Poor Man's Search Engine [application/query source],Poor Man's Search Engine,application/query source,602,601,114,583,10762,319,17988,2.964133,5.417209,1.827586,3.241050,0.000000,0.000000,0.000000,0.000000,0.000000,0.000000,1.000000,1.333333,2.000000
Rounding Errors [generated schema],Rounding Errors,generated schema,602,601,86,663,7226,343,17988,4.746748,9.175201,1.932945,3.685791,0.000000,0.000000,0.000000,0.000000,0.000000,0.000000,1.000000,1.000000,1.861111
Any retained class [broad detector-output density],Any retained class,all relevant files,602,602,601,15931,17988,7653,17988,42.545030,88.564599,2.081667,88.564599,33.333333,48.814120,66.666667,51.282051,83.457711,120.000000,1.333333,1.750000,2.333333
