analysis_label,antipattern,eligible_source_role,flagged_repositories,top_decile_repositories,cutoff_flags,repositories_tied_at_cutoff,cutoff_ties_included,total_flags,top_decile_flags,top_decile_flag_share_percent,eligible_files,top_decile_eligible_files,top_decile_eligible_file_share_percent,top_decile_eligible_file_share_min_percent,top_decile_eligible_file_share_max_percent,top_decile_flags_per_100_eligible_files,remaining_flags,remaining_eligible_files,remaining_flags_per_100_eligible_files,top_to_remaining_density_ratio,top_to_remaining_density_ratio_min,top_to_remaining_density_ratio_max
Implicit Columns [application/query source],Implicit Columns,application/query source,535,54,29,1,1,7289,3980,54.602826,10762,4499,41.804497,41.804497,41.804497,88.464103,3309,6263,52.834105,1.674375,1.674375,1.674375
ID Required [generated schema],ID Required,generated schema,523,53,14,3,3,3597,2153,59.855435,7226,3636,50.318295,50.318295,50.318295,59.213421,1444,3590,40.222841,1.472134,1.472134,1.472134
Keyless Entry [generated schema],Keyless Entry,generated schema,200,20,18,4,1,2153,1421,66.000929,7226,2103,29.103238,23.816773,29.103238,67.570138,732,5123,14.288503,4.728987,4.728987,6.209540
Fear of the Unknown [generated schema],Fear of the Unknown,generated schema,197,20,12,2,1,1240,700,56.451613,7226,1252,17.326322,17.326322,17.450872,55.910543,540,5974,9.039170,6.185363,6.131965,6.185363
Fear of the Unknown [application/query source],Fear of the Unknown,application/query source,10,1,4,1,1,16,4,25.000000,10762,33,0.306634,0.306634,0.306634,12.121212,12,10729,0.111846,108.373737,108.373737,108.373737
31 Flavors [generated schema],31 Flavors,generated schema,87,9,9,3,3,390,206,52.820513,7226,734,10.157764,10.157764,10.157764,28.065395,184,6492,2.834258,9.902204,9.902204,9.902204
Poor Man's Search Engine [application/query source],Poor Man's Search Engine,application/query source,114,12,12,2,1,583,260,44.596913,10762,1585,14.727746,14.727746,14.811373,16.403785,323,9177,3.519669,4.660605,4.629745,4.660605
Rounding Errors [generated schema],Rounding Errors,generated schema,86,9,13,2,1,663,420,63.348416,7226,1026,14.198727,14.032660,14.198727,40.935673,243,6200,3.919355,10.444493,10.444493,10.588550
Any retained class [broad detector-output density],Any retained class,all relevant files,601,61,54,3,2,15931,9421,59.136275,17988,8647,48.070936,48.070936,49.571937,108.951081,6510,9341,69.692752,1.563306,1.472151,1.563306
