analysis_label,antipattern,eligible_source_role,raw_rows,canonical_events,exact_content_events,representative_copy_min_events,representative_copy_max_events,raw_eligible_files,unique_file_contents,raw_flagged_files,unique_flagged_contents,representative_copy_min_flagged_contents,representative_copy_max_flagged_contents,raw_percent_eligible_files_flagged,exact_content_percent_flagged,raw_flags_per_100_eligible_files,canonical_events_per_100_eligible_files,exact_content_events_per_100_contents,raw_flags_per_flagged_file,canonical_events_per_flagged_file,exact_content_events_per_flagged_content
Implicit Columns [application/query source],Implicit Columns,application/query source,7289,7289,7062,7056,7056,10762,10473,2607,2544,2544,2544,24.224122,24.291034,67.729047,67.729047,67.430536,2.795934,2.795934,2.775943
ID Required [generated schema],ID Required,generated schema,3597,3591,3422,3420,3422,7226,6894,3591,3422,3420,3422,49.695544,49.637366,49.778577,49.695544,49.637366,1.001671,1.000000,1.000000
Keyless Entry [generated schema],Keyless Entry,generated schema,2153,2153,2105,2103,2105,7226,6894,1269,1228,1228,1228,17.561583,17.812591,29.795184,29.795184,30.533798,1.696612,1.696612,1.714169
Fear of the Unknown [generated schema],Fear of the Unknown,generated schema,1240,1240,1197,1192,1197,7226,6894,675,652,650,652,9.341268,9.457499,17.160255,17.160255,17.362924,1.837037,1.837037,1.835890
Fear of the Unknown [application/query source],Fear of the Unknown,application/query source,16,16,16,16,16,10762,10473,11,11,11,11,0.102211,0.105032,0.148671,0.148671,0.152774,1.454545,1.454545,1.454545
31 Flavors [generated schema],31 Flavors,generated schema,390,390,379,379,379,7226,6894,292,285,285,285,4.040963,4.134030,5.397177,5.397177,5.497534,1.335616,1.335616,1.329825
Poor Man's Search Engine [application/query source],Poor Man's Search Engine,application/query source,583,583,573,573,573,10762,10473,319,314,314,314,2.964133,2.998186,5.417209,5.417209,5.471212,1.827586,1.827586,1.824841
Rounding Errors [generated schema],Rounding Errors,generated schema,663,663,601,601,601,7226,6894,343,326,326,326,4.746748,4.728750,9.175201,9.175201,8.717726,1.932945,1.932945,1.843558
Any retained class [broad detector-output density],Any retained class,all relevant files,15931,15925,15355,15340,15349,17988,17367,7653,7366,7363,7366,42.545030,42.413773,88.564599,88.531243,88.414810,2.081667,2.080883,2.084578
