split,repository,relevant_files,recursive_glob_matches,src_glob_matches,distinct_src_files,duplicate_src_matches,files_outside_src,generated_schema_files,application_query_files,unique_file_contents
validation,APSfurizon/fz-backend,116,116,116,116,0,0,19,97,116
test,Andrey582/NotificationBot,11,11,11,11,0,0,3,8,11
training,Blackdread/rest-filter,16,16,16,16,0,0,2,14,16
validation,BluBluBlaBla/vidsummize,2,2,2,2,0,0,1,1,2
test,BuchnevDmitry/LinkTracker,8,8,8,8,0,0,3,5,8
training,Dankoy/jforwarder,9,9,9,9,0,0,1,8,9
validation,DiSSCo/dissco-core-annotation-processing-service,22,22,22,22,0,0,4,18,22
training,DiamondArt/Java-jooq,8,8,8,8,0,0,6,2,8
training,DrBrother/notification-system,9,9,9,9,0,0,3,6,9
test,Efler/telegram-scrapper-bot,10,10,10,10,0,0,4,6,10
training,Hellblazer/quantum-db,56,56,56,56,0,0,10,46,56
training,Hixon10/spring-boot-security,2,2,2,2,0,0,1,1,2
validation,Macbeth-Klm/Tinkoff-java-course-2024,9,9,9,9,0,0,3,6,9
validation,MahjongRepository/YagiMotel,2,2,2,2,0,0,1,1,2
training,Ne1loff/OnboardingPlatform,20,20,20,20,0,0,6,14,20
training,NevinTure/java-course-2024,15,15,15,15,0,0,5,10,15
test,NurtilekMamashakirov/Bot-Link-Tracker,7,7,7,7,0,0,3,4,7
training,ProstaOlga/prostaBot,39,39,39,39,0,0,5,34,39
validation,SleepwalkerPasha/egorov_pa_project,7,7,7,7,0,0,2,5,7
test,Subtelny/DGCraft,42,42,42,42,0,0,6,36,42
training,alexxiuccia/TrackMe,19,19,12,12,0,7,7,12,19
training,alvin-qh/study-java,39,39,39,39,0,0,5,34,38
training,anyamilichenko/soa,15,15,9,9,0,6,6,9,12
training,auliardana/Java-orm-jooq,3,3,3,3,0,0,1,2,3
training,aytdm/study,5,5,5,5,0,0,3,2,5
test,balazskrizsan/stackjudge_aws_java,4,4,4,4,0,0,1,3,4
validation,boogiespook/waltz-test,786,786,487,487,0,299,88,698,786
validation,catsloveme/telegram-bot,8,8,8,8,0,0,3,5,8
test,corradomio/java_projects,81,81,81,81,0,0,1,80,81
validation,devstronomy/nasa-data-scraper,3,3,3,3,0,0,2,1,3
validation,dndanoff/spring-boot-unit-integration-test-example,3,3,3,3,0,0,1,2,3
validation,ebi-gene-expression-group/annotare2,7,7,7,7,0,0,6,1,7
test,gonzo1138/jOOQinSpring-basics,3,3,3,3,0,0,1,2,3
validation,hpple/revolut-backend-test,8,8,8,8,0,0,2,6,8
training,jOOQ/demo,99,99,99,99,0,0,62,37,70
test,jOOQ/jOOQ-mcve,14,14,14,14,0,0,7,7,14
training,jasontran320/texera_compose,52,52,52,52,0,0,20,32,52
validation,jiangtj/jc-platform,15,15,15,15,0,0,6,9,15
validation,juanhaugaard/H2-sakila,22,22,22,22,0,0,16,6,22
test,kaeru61/chat_app,7,7,7,7,0,0,4,3,7
training,kamil-sita/labelle,72,72,72,72,0,0,23,49,72
test,killbill/killbill-stripe-plugin,9,9,9,9,0,0,3,6,9
training,kryakobess/TinkoffBackendCourse,7,7,7,7,0,0,2,5,7
test,lightningdevkit/vss-server,4,4,4,4,0,0,1,3,4
test,linux-china/jooq-demo,13,13,13,13,0,0,5,8,13
training,matuolis/vehicle-marketplace-be,13,13,13,13,0,0,4,9,13
validation,puzink/Wallet,7,7,7,7,0,0,1,6,7
validation,ralscha/attic,116,116,79,79,0,37,8,108,98
validation,ralscha/blog2020,3,3,3,3,0,0,1,2,3
training,ralscha/webauthn-demo,6,6,6,6,0,0,2,4,6
test,revensif/Tinkoff_Course2024,12,12,12,12,0,0,4,8,12
test,rodano/rodano,105,105,105,105,0,0,33,72,105
test,shileishmily/spring-boot-jooq-demo,8,8,8,8,0,0,2,6,8
training,snhr-1019/task-app-example,5,5,5,5,0,0,2,3,5
validation,tapis-project/tapis-notifications,9,9,9,9,0,0,6,3,9
validation,therepanic/lapayment-crypto-pay-system,10,10,10,10,0,0,4,6,10
test,therepanic/trustwin-casino-project,61,61,61,61,0,0,39,22,61
validation,wuhunyu/jooq-transaction,4,4,4,4,0,0,1,3,4
test,xnelo/filearch,12,12,12,12,0,0,4,8,12
test,yangjinguang/i-share-server,67,67,67,67,0,0,17,50,67
test,ydeng11/Minance,24,24,24,24,0,0,5,19,24
